,plot,pollID,uniqueID,observer,plantposition,og.plantposition,trmnt,prevtrmnt,flowers,wither_flow,frt_removed,notes.x,eventID
200001,hi,200258,91,kmf,ne1,ne1,hp,NA,3,6,7,,100001
200002,hi,200262,92,kmf,ne2,ne2,op,NA,8,6,8,,100001
200003,hi,200266,93,kmf,ne3,ne3,hp,NA,7,3,8,,100001
200004,hi,200270,94,kmf,ne4,ne4,nt,NA,1,2,3,,100001
200005,hi,200274,95,kmf,ne5,ne5,hp,NA,3,5,0,,100001
200006,hi,200278,96,kmf,ne6,ne6,hp,NA,6,3,0,,100001
200007,hi,200282,97,kmf,ne7,ne7,hp,NA,4,3,5,,100001
200008,hi,200286,98,kmf,ne8,ne8,op,NA,5,7,0,,100001
200009,hi,200290,99,kmf,ne9,ne9,op,NA,3,3,12,,100001
200010,hi,200294,100,kmf,ne10,ne10,op,NA,3,1,0,,100001
200011,hi,200298,101,kmf,ne11,ne11,nt,NA,3,6,0,,100001
200012,hi,200302,102,kmf,ne12,ne12,nt,NA,1,5,0,,100001
200013,hi,200304,103,kmf,ne13,ne13,nt,NA,0,1,0,,100001
200014,hi,200308,104,kmf,ne14,ne14,op,NA,4,12,0,,100001
200015,hi,200312,105,kmf,ne15,ne15,nt,NA,0,4,0,,100001
200016,low,200330,114,kmf,ne24,ne24,op,NA,4,3,0,,100001
200017,low,200334,115,kmf,ne25,ne25,op,NA,4,7,0,,100001
200018,low,200336,116,kmf,ne26,ne26,hp,NA,3,2,1,,100001
200019,low,200338,117,kmf,ne27,ne27,nt,NA,1,2,0,,100001
200020,low,200340,118,kmf,ne28,ne28,op,NA,3,7,0,,100001
200021,low,200314,106,kmf,ne16,ne16,nt,NA,0,2,0,,100001
200022,low,200316,107,kmf,ne17,ne17,op,NA,1,1,0,,100001
200023,low,200318,108,kmf,ne18,ne18,hp,NA,3,3,0,,100001
200024,low,200320,109,kmf,ne19,ne19,hp,NA,10,6,0,,100001
200025,low,200322,110,kmf,ne20,ne20,nt,NA,0,5,9,,100001
200026,low,200324,111,kmf,ne21,ne21,op,NA,1,5,0,,100001
200027,low,200326,112,kmf,ne22,ne22,nt,NA,2,6,0,,100001
200028,low,200328,113,kmf,ne23,ne23,hp,NA,3,4,0,,100001
200029,low,200342,119,kmf,ne29,ne29,nt,NA,0,0,0,,100001
200030,low,200344,120,kmf,ne30,ne30,hp,NA,6,7,2,,100001
200031,hi,200348,121,adr,ru1,ru1,nt,NA,1,2,0,,100002
200032,hi,200352,122,adr,ru2,ru2,hp,NA,3,5,0,,100002
200033,hi,200356,123,adr,ru3,ru3,nt,NA,1,1,0,,100002
200034,hi,200360,124,adr,ru4,ru4,nt,NA,1,5,4,,100002
200035,hi,200364,125,adr,ru5,ru5,hp,NA,0,3,0,,100002
200036,hi,200365,126,adr,ru6,ru6,hp,NA,8,16,12,,100002
200037,hi,200369,127,adr,ru7,ru7,hp,NA,2,12,5,,100002
200038,hi,200373,128,adr,ru8,ru8,op,NA,1,1,0,,100002
200039,hi,200377,129,adr,ru9,ru9,op,NA,3,2,2,,100002
200040,hi,200381,130,adr,ru10,ru10,op,NA,4,4,3,,100002
200041,hi,200385,131,adr,ru11,ru11,nt,NA,0,3,0,,100002
200042,hi,200389,132,adr,ru12,ru12,op,NA,3,3,0,,100002
200043,hi,200393,133,adr,ru13,ru13,hp,NA,8,3,0,,100002
200044,hi,200397,134,adr,ru14,ru14,nt,NA,1,0,0,,100002
200045,hi,200399,135,adr,ru15,ru15,op,NA,4,5,2,,100002
200046,low,200419,144,adr,ru24,ru24,hp,NA,2,4,0,,100002
200047,low,200421,145,adr,ru25,ru25,hp,NA,1,0,0,,100002
200048,low,200423,146,adr,ru26,ru26,hp,NA,4,3,0,,100002
200049,low,200425,147,adr,ru27,ru27,hp,NA,4,3,5,,100002
200050,low,200429,148,adr,ru28,ru28,nt,NA,0,3,3,,100002
200051,low,200403,136,adr,ru16,ru16,nt,NA,2,1,3,,100002
200052,low,200405,137,adr,ru17,ru17,op,NA,2,2,9,,100002
200053,low,200407,138,adr,ru18,ru18,nt,NA,1,2,1,,100002
200054,low,200409,139,adr,ru19,ru19,nt,NA,1,4,0,,100002
200055,low,200411,140,adr,ru20,ru20,op,NA,1,2,1,,100002
200056,low,200413,141,adr,ru21,ru21,nt,NA,2,0,12,,100002
200057,low,200415,142,adr,ru22,ru22,op,NA,9,12,0,,100002
200058,low,200417,143,adr,ru23,ru23,hp,NA,4,3,0,,100002
200059,low,200431,149,adr,ru29,ru29,op,NA,4,8,10,,100002
200060,low,200433,150,adr,ru30,ru30,op,NA,2,3,2,,100002
200061,hi,200520,181,adr,st1,st1,op,NA,4,5,5,,100003
200062,hi,200524,182,kmf,st2,st2,hp,NA,3,7,0,,100003
200063,hi,200528,183,kmf,st3,st3,nt,NA,1,3,0,,100003
200064,hi,200532,184,kmf,st4,st4,hp,NA,2,5,3,,100003
200065,hi,200536,185,kmf,st5,st5,hp,NA,0,10,0,,100003
200066,hi,200540,186,kmf,st6,st6,op,NA,0,13,0,,100003
200067,hi,200544,187,kmf,st7,st7,op,NA,3,3,0,,100003
200068,hi,200548,188,kmf,st8,st8,nt,NA,1,3,0,,100003
200069,hi,200550,189,kmf,st9,st9,hp,NA,7,17,0,,100003
200070,hi,200554,190,kmf,st10,st10,nt,NA,0,4,0,,100003
200071,hi,200556,191,kmf,st11,st11,op,NA,6,11,0,,100003
200072,hi,200560,192,kmf,st12,st12,nt,NA,0,6,0,,100003
200073,hi,200562,193,kmf,st13,st13,op,NA,5,15,0,,100003
200074,hi,200566,194,kmf,st14,st14,nt,NA,0,2,0,,100003
200075,hi,200568,195,kmf,st15,st15,hp,NA,4,6,0,,100003
200076,low,200594,204,kmf,st24,st24,nt,NA,0,4,0,,100003
200077,low,200596,205,kmf,st25,st25,op,NA,5,2,0,,100003
200078,low,200600,206,kmf,st26,st26,op,NA,3,4,7,,100003
200079,low,200602,207,kmf,st27,st27,nt,NA,4,5,1,,100003
200080,low,200604,208,kmf,st28,st28,op,NA,4,2,6,,100003
200081,low,200572,196,kmf,st16,st16,hp,NA,5,7,0,,100003
200082,low,200576,197,kmf,st17,st17,hp,NA,4,7,0,,100003
200083,low,200578,198,kmf,st18,st18,op,NA,8,14,0,,100003
200084,low,200582,199,kmf,st19,st19,op,NA,6,6,1,,100003
200085,low,200584,200,kmf,st20,st20,nt,NA,1,3,0,,100003
200086,low,200586,201,kmf,st21,st21,nt,NA,2,1,0,,100003
200087,low,200588,202,kmf,st22,st22,hp,NA,1,4,0,,100003
200088,low,200590,203,kmf,st23,st23,hp,NA,6,5,0,,100003
200089,low,200606,209,kmf,st29,st29,nt,NA,4,5,0,,100003
200090,low,200608,210,kmf,st30,st30,hp,NA,0,5,0,,100003
200091,hi,200610,211,adr,wo1,wo1,op,NA,1,3,16,,100004
200092,hi,200614,212,adr,wo2,wo2,nt,NA,1,1,0,,100004
200093,hi,200618,213,adr,wo3,wo3,hp,NA,3,6,2,,100004
200094,hi,200622,214,adr,wo4,wo4,nt,NA,1,1,1,,100004
200095,hi,200624,215,adr,wo5,wo5,hp,NA,5,4,6,,100004
200096,hi,200628,216,adr,wo6,wo6,hp,NA,7,8,3,,100004
200097,hi,200632,217,adr,wo7,wo7,nt,NA,2,3,0,,100004
200098,hi,200636,218,adr,wo8,wo8,hp,NA,2,2,0,,100004
200099,hi,200640,219,adr,wo9,wo9,nt,NA,0,2,9,,100004
200100,hi,200644,220,adr,wo10,wo10,hp,NA,3,2,0,,100004
200101,hi,200648,221,adr,wo11,wo11,nt,NA,0,0,7,,100004
200102,hi,200650,222,adr,wo12,wo12,op,NA,1,3,0,,100004
200103,hi,200654,223,adr,wo13,wo13,op,NA,3,4,3,,100004
200104,hi,200658,224,adr,wo14,wo14,op,NA,2,4,0,,100004
200105,hi,200662,225,adr,wo15,wo15,op,NA,0,2,0,,100004
200106,low,200683,234,adr,wo24,wo24,op,NA,2,0,3,replaced,100004
200107,low,200685,235,adr,wo25,wo25,op,NA,2,1,5,,100004
200108,low,200687,236,adr,wo26,wo26,op,NA,2,0,7,,100004
200109,low,200689,237,adr,wo27,wo27,op,NA,1,5,4,,100004
200110,low,200691,238,adr,wo28,wo28,hp,NA,2,2,2,,100004
200111,low,200664,226,adr,wo16,wo16,hp,NA,5,15,8,,100004
200112,low,200668,227,adr,wo17,wo17,nt,NA,1,5,15,accidentally marked;herbivory,100004
200113,low,200670,228,adr,wo18,wo18,hp,NA,2,7,6,,100004
200114,low,200672,229,adr,wo19,wo19,nt,NA,0,1,6,,100004
200115,low,200674,230,adr,wo20,wo20,nt,NA,0,0,0,herbivory,100004
200116,low,200675,231,adr,wo21,wo21,nt,NA,0,1,0,herbivory,100004
200117,low,200677,232,adr,wo22,wo22,hp,NA,0,15,0,,100004
200118,low,200681,233,adr,wo23,wo23,nt,NA,0,0,3,herbivory,100004
200119,low,200693,239,adr,wo29,wo29,hp,NA,3,3,1,bombus visit,100004
200120,low,200697,240,adr,wo30,wo30,op,NA,1,3,10,,100004
200121,hi,200435,151,chs,si1,si1,nt,NA,0,1,0,,100005
200122,hi,200437,152,chs,si2,si2,nt,NA,0,1,3,,100005
200123,hi,200439,153,chs,si3,si3,hp,NA,0,26,7,,100005
200124,hi,200443,154,chs,si4,si4,op,NA,2,7,15,,100005
200125,hi,200447,155,chs,si5,si5,op,NA,5,8,7,,100005
200126,hi,200451,156,chs,si6,si6,hp,NA,4,2,0,,100005
200127,hi,200455,157,chs,si7,si7,hp,NA,4,8,11,sickly; leaves wilty,100005
200128,hi,200457,158,chs,si8,si8,op,NA,1,15,8,,100005
200129,hi,200461,159,chs,si9,si9,hp,NA,5,7,12,,100005
200130,hi,200465,160,chs,si10,si10,hp,NA,1,6,8,,100005
200131,hi,200469,161,chs,si11,si11,nt,NA,2,7,0,,100005
200132,hi,200473,162,chs,si12,si12,nt,NA,3,8,0,,100005
200133,hi,200477,163,chs,si13,si13,op,NA,3,9,1,,100005
200134,hi,200479,164,chs,si14,si14,op,NA,3,11,1,,100005
200135,hi,200483,165,chs,si15,si15,nt,NA,4,4,3,,100005
200136,low,200510,174,chs,si24,si24,nt,NA,0,0,0,,100005
200137,low,200512,175,chs,si25,si25,op,NA,0,12,0,,100005
200138,low,200514,176,chs,si26,si26,hp,NA,5,9,0,,100005
200139,low,200515,177,chs,si27,si27,hp,NA,3,11,6,,100005
200140,low,200516,178,chs,si28,si28,nt,NA,0,2,5,,100005
200141,low,200487,166,chs,si16,si16,hp,NA,2,3,1,,100005
200142,low,200489,167,chs,si17,si17,nt,NA,3,6,0,replaced,100005
200143,low,200491,168,chs,si18,si18,op,NA,3,2,1,,100005
200144,low,200495,169,chs,si19,si19,nt,NA,0,0,0,,100005
200145,low,200496,170,chs,si20,si20,hp,NA,0,6,0,,100005
200146,low,200500,171,chs,si21,si21,nt,NA,3,11,0,replaced,100005
200147,low,200504,172,chs,si22,si22,hp,NA,0,7,0,,100005
200148,low,200506,173,chs,si23,si23,op,NA,1,5,0,,100005
200149,low,200517,179,chs,si29,si29,op,NA,2,6,19,,100005
200150,low,200518,180,chs,si30,si30,op,NA,3,6,4,,100005
200151,hi,200001,1,adr,br1,br1,op,NA,3,5,27,,100006
200152,hi,200005,2,adr,br2,br2,hp,NA,3,3,29,,100006
200153,hi,200006,3,adr,br3,br3,hp,NA,6,7,7,,100006
200154,hi,200010,4,adr,br4,br4,op,NA,5,0,7,,100006
200155,hi,200011,5,adr,br5,br5,nt,NA,0,5,26,,100006
200156,hi,200015,6,adr,br6,br6,nt,NA,2,2,8,,100006
200157,hi,200017,7,adr,br7,br7,op,NA,8,5,20,,100006
200158,hi,200021,8,adr,br8,br8,op,NA,4,3,38,,100006
200159,hi,200025,9,adr,br9,br9,hp,NA,5,4,2,,100006
200160,hi,200026,10,adr,br10,br10,hp,NA,6,8,46,,100006
200161,hi,200030,11,adr,br11,br11,hp,NA,3,11,25,,100006
200162,hi,200034,12,adr,br12,br12,nt,NA,0,2,0,,100006
200163,hi,200036,13,adr,br13,br13,hp,NA,3,7,19,,100006
200164,hi,200037,14,adr,br14,br14,nt,NA,1,2,1,,100006
200165,hi,200041,15,adr,br15,br15,op,NA,3,5,27,,100006
200166,low,200067,24,adr,br24,br24,op,NA,3,3,10,,100006
200167,low,200069,25,adr,br25,br25,nt,NA,1,5,4,replaced;herbivory,100006
200168,low,200071,26,adr,br26,br26,hp,NA,1,2,15,,100006
200169,low,200073,27,adr,br27,br27,op,NA,6,10,9,replaced;herbivory,100006
200170,low,200075,28,adr,br28,br28,nt,NA,0,0,0,herbivory,100006
200171,low,200045,16,adr,br16,br16,op,NA,5,6,2,,100006
200172,low,200047,17,adr,br17,br17,hp,NA,6,3,9,,100006
200173,low,200049,18,adr,br18,br18,nt,NA,0,3,4,herbivory,100006
200174,low,200051,19,adr,br19,br19,hp,NA,8,11,9,,100006
200175,low,200055,20,adr,br20,br20,hp,NA,2,10,6,replaced;herbivory,100006
200176,low,200059,21,adr,br21,br21,nt,NA,2,2,3,replaced;herbivory,100006
200177,low,200061,22,adr,br22,br22,hp,NA,1,4,13,,100006
200178,low,200063,23,adr,br23,br23,op,NA,4,6,5,,100006
200179,low,200077,29,adr,br29,br29,nt,NA,0,1,3,,100006
200180,low,200079,30,adr,br30,br30,op,NA,1,7,8,replaced;herbivory,100006
200181,hi,200168,61,kmf,ho1,ho1,op,NA,4,10,0,,100007
200182,hi,200172,62,kmf,ho2,ho2,op,NA,1,9,26,,100007
200183,hi,200176,63,kmf,ho3,ho3,hp,NA,0,15,30,,100007
200184,hi,200180,64,kmf,ho4,ho4,op,NA,1,1,14,,100007
200185,hi,200184,65,kmf,ho5,ho5,op,NA,4,9,3,,100007
200186,hi,200188,66,kmf,ho6,ho6,nt,NA,3,8,1,,100007
200187,hi,200192,67,kmf,ho7,ho7,nt,NA,2,5,0,,100007
200188,hi,200194,68,kmf,ho8,ho8,op,NA,6,8,0,,100007
200189,hi,200196,69,kmf,ho9,ho9,hp,NA,0,18,0,,100007
200190,hi,200200,70,kmf,ho10,ho10,nt,NA,2,4,0,,100007
200191,hi,200202,71,kmf,ho11,ho11,hp,NA,6,7,12,,100007
200192,hi,200206,72,kmf,ho12,ho12,hp,NA,2,9,29,,100007
200193,hi,200208,73,kmf,ho13,ho13,nt,NA,4,8,2,,100007
200194,hi,200210,74,kmf,ho14,ho14,hp,NA,3,7,5,,100007
200195,hi,200214,75,kmf,ho15,ho15,nt,NA,0,14,0,,100007
200196,low,200238,84,kmf,ho24,ho24,nt,NA,0,0,0,,100007
200197,low,200240,85,kmf,ho25,ho25,hp,NA,4,8,3,,100007
200198,low,200242,86,kmf,ho26,ho26,nt,NA,2,4,0,,100007
200199,low,200244,87,kmf,ho27,ho27,nt,NA,2,5,1,,100007
200200,low,200248,88,kmf,ho28,ho28,op,NA,6,7,5,,100007
200201,low,200218,76,kmf,ho16,ho16,op,NA,2,17,18,,100007
200202,low,200220,77,kmf,ho17,ho17,hp,NA,3,2,2,,100007
200203,low,200222,78,kmf,ho18,ho18,hp,NA,2,7,1,,100007
200204,low,200226,79,kmf,ho19,ho19,hp,NA,2,3,4,,100007
200205,low,200228,80,kmf,ho20,ho20,hp,NA,2,27,0,,100007
200206,low,200230,81,kmf,ho21,ho21,op,NA,3,1,3,,100007
200207,low,200232,82,kmf,ho22,ho22,nt,NA,2,2,4,,100007
200208,low,200234,83,kmf,ho23,ho23,nt,NA,8,4,14,,100007
200209,low,200252,89,kmf,ho29,ho29,op,NA,6,5,0,,100007
200210,low,200256,90,kmf,ho30,ho30,op,NA,5,16,1,,100007
200211,hi,200081,31,kmf,gr1,gr1,op,NA,4,15,35,,100008
200212,hi,200085,32,kmf,gr2,gr2,hp,NA,1,5,11,,100008
200213,hi,200089,33,kmf,gr3,gr3,op,NA,2,8,17,,100008
200214,hi,200091,34,kmf,gr4,gr4,op,NA,6,14,27,,100008
200215,hi,200095,35,kmf,gr5,gr5,hp,NA,2,5,36,,100008
200216,hi,200099,36,kmf,gr6,gr6,nt,NA,0,0,5,,100008
200217,hi,200101,37,kmf,gr7,gr7,hp,NA,2,10,12,,100008
200218,hi,200105,38,kmf,gr8,gr8,nt,NA,0,7,10,,100008
200219,hi,200107,39,kmf,gr9,gr9,op,NA,1,7,15,,100008
200220,hi,200111,40,kmf,gr10,gr10,op,NA,4,8,7,,100008
200221,hi,200113,41,kmf,gr11,gr11,hp,NA,2,14,10,,100008
200222,hi,200117,42,kmf,gr12,gr12,nt,NA,NA,NA,NA,plant eaten; replaced by Alan later that day,100008
200223,hi,200118,43,kmf,gr13,gr13,nt,NA,0,0,0,,100008
200224,hi,200122,44,kmf,gr14,gr14,hp,NA,0,7,5,,100008
200225,hi,200126,45,kmf,gr15,gr15,nt,NA,0,7,19,,100008
200226,low,200148,54,kmf,gr24,gr24,nt,NA,0,4,13,,100008
200227,low,200152,55,kmf,gr25,gr25,op,NA,5,9,24,,100008
200228,low,200154,56,kmf,gr26,gr26,hp,NA,1,9,2,,100008
200229,low,200156,57,kmf,gr27,gr27,op,NA,3,3,16,,100008
200230,low,200160,58,kmf,gr28,gr28,nt,NA,0,3,9,,100008
200231,low,200128,46,kmf,gr16,gr16,op,NA,6,10,14,,100008
200232,low,200132,47,kmf,gr17,gr17,nt,NA,0,5,8,,100008
200233,low,200134,48,kmf,gr18,gr18,op,NA,4,14,16,,100008
200234,low,200138,49,kmf,gr19,gr19,hp,NA,2,9,7,,100008
200235,low,200140,50,kmf,gr20,gr20,nt,NA,0,3,5,,100008
200236,low,200142,51,kmf,gr21,gr21,op,NA,7,10,16,,100008
200237,low,200144,52,kmf,gr22,gr22,hp,NA,3,6,10,,100008
200238,low,200146,53,kmf,gr23,gr23,hp,NA,2,11,31,,100008
200239,low,200162,59,kmf,gr29,gr29,hp,NA,5,11,3,,100008
200240,low,200166,60,kmf,gr30,gr30,nt,NA,1,4,10,,100008
200241,hi,200751,283,adr//aw,ny1,ny1,nt,NA,0,4,1,,100009
200242,hi,200752,284,adr//aw,ny2,ny2,op,NA,0,6,0,,100009
200243,hi,200753,285,adr//aw,ny3,ny3,op,NA,3,7,2,,100009
200244,hi,200754,286,adr//aw,ny4,ny4,hp,NA,1,4,0,,100009
200245,hi,200755,287,adr//aw,ny5,ny5,op,NA,3,4,0,,100009
200246,hi,200756,288,adr//aw,ny6,ny6,hp,NA,7,14,0,,100009
200247,hi,200757,289,adr//aw,ny7,ny7,hp,NA,4,17,10,,100009
200248,hi,200758,290,adr//aw,ny8,ny8,nt,NA,1,2,3,,100009
200249,hi,200759,291,adr//aw,ny9,ny9,nt,NA,0,4,7,,100009
200250,hi,200760,292,adr//aw,ny10,ny10,nt,NA,0,5,5,,100009
200251,hi,200761,293,adr//aw,ny11,ny11,op,NA,3,10,6,,100009
200252,hi,200762,294,adr//aw,ny12,ny12,op,NA,0,11,11,,100009
200253,hi,200763,295,adr//aw,ny13,ny13,hp,NA,5,7,5,,100009
200254,hi,200764,296,adr//aw,ny14,ny14,nt,NA,0,3,8,,100009
200255,hi,200765,297,adr//aw,ny15,ny15,hp,NA,5,14,4,,100009
200256,low,200766,298,adr//aw,ny16,ny16,nt,NA,1,5,11,,100009
200257,low,200767,299,adr//aw,ny17,ny17,nt,NA,0,3,4,,100009
200258,low,200768,300,adr//aw,ny18,ny18,nt,NA,1,0,1,,100009
200259,low,200769,301,adr//aw,ny19,ny19,hp,NA,5,7,10,,100009
200260,low,200770,302,adr//aw,ny20,ny20,op,NA,2,3,7,,100009
200261,low,200771,303,adr//aw,ny21,ny21,nt,NA,0,5,6,,100009
200262,low,200772,304,adr//aw,ny22,ny22,hp,NA,3,8,2,,100009
200263,low,200773,305,adr//aw,ny23,ny23,op,NA,1,3,2,,100009
200264,low,200774,306,adr//aw,ny24,ny24,op,NA,3,12,9,,100009
200265,low,200775,307,adr//aw,ny25,ny25,hp,NA,7,2,5,,100009
200266,low,200776,308,adr//aw,ny26,ny26,nt,NA,1,2,2,,100009
200267,low,200777,309,adr//aw,ny27,ny27,op,NA,2,5,9,,100009
200268,low,200778,310,adr//aw,ny28,ny28,op,NA,3,10,3,,100009
200269,low,200779,311,adr//aw,ny29,ny29,hp,NA,2,4,3,,100009
200270,low,200780,312,adr//aw,ny30,ny30,hp,NA,1,7,12,,100009
200271,hi,200721,253,chs,he1,he1,nt,NA,0,3,0,,100010
200272,hi,200722,254,chs,he2,he2,nt,NA,0,0,0,,100010
200273,hi,200723,255,chs,he3,he3,op,NA,2,3,6,,100010
200274,hi,200724,256,chs,he4,he4,nt,NA,0,0,0,,100010
200275,hi,200725,257,chs,he5,he5,op,NA,1,2,14,,100010
200276,hi,200726,258,chs,he6,he6,hp,NA,0,2,4,,100010
200277,hi,200727,259,chs,he7,he7,op,NA,1,2,3,,100010
200278,hi,200728,260,chs,he8,he8,hp,NA,9,28,29,,100010
200279,hi,200729,261,chs,he9,he9,nt,NA,5,2,0,,100010
200280,hi,200730,262,chs,he10,he10,op,NA,4,22,1,,100010
200281,hi,200731,263,chs,he11,he11,op,NA,0,3,6,,100010
200282,hi,200732,264,chs,he12,he12,hp,NA,2,5,1,,100010
200283,hi,200733,265,chs,he13,he13,hp,NA,0,5,4,,100010
200284,hi,200734,266,chs,he14,he14,hp,NA,0,1,4,,100010
200285,hi,200735,267,chs,he15,he15,nt,NA,0,0,0,,100010
200286,low,200736,268,chs,he16,he16,op,NA,8,4,0,,100010
200287,low,200737,269,chs,he17,he17,hp,NA,1,3,1,,100010
200288,low,200738,270,chs,he18,he18,op,NA,4,7,0,,100010
200289,low,200739,271,chs,he19,he19,op,NA,2,9,1,,100010
200290,low,200740,272,chs,he20,he20,nt,NA,0,0,1,,100010
200291,low,200741,273,chs,he21,he21,op,NA,5,6,0,,100010
200292,low,200742,274,chs,he22,he22,nt,NA,1,1,0,,100010
200293,low,200743,275,chs,he23,he23,hp,NA,3,6,0,,100010
200294,low,200744,276,chs,he24,he24,op,NA,2,2,0,,100010
200295,low,200745,277,chs,he25,he25,nt,NA,1,1,0,,100010
200296,low,200746,278,chs,he26,he26,nt,NA,1,1,15,,100010
200297,low,200747,279,chs,he27,he27,hp,NA,3,10,6,,100010
200298,low,200748,280,chs,he28,he28,hp,NA,2,5,4,,100010
200299,low,200749,281,chs,he29,he29,nt,NA,3,0,0,,100010
200300,low,200750,282,chs,he30,he30,hp,NA,2,2,5,,100010
200301,hi,200259,91,kmf,ne1,ne1,hp,NA,3,3,15,,100011
200302,hi,200271,94,kmf,ne4,ne4,nt,NA,1,1,8,,100011
200303,hi,200275,95,kmf,ne5,ne5,hp,NA,3,5,15,,100011
200304,hi,200263,92,kmf,ne2,ne2,op,NA,1,11,20,,100011
200305,hi,200267,93,kmf,ne3,ne3,hp,NA,1,3,21,,100011
200306,low,200315,106,kmf,ne16,ne16,nt,NA,0,3,0,,100011
200307,low,200317,107,kmf,ne17,ne17,op,NA,1,2,0,,100011
200308,low,200319,108,kmf,ne18,ne18,hp,NA,2,5,17,,100011
200309,low,200321,109,kmf,ne19,ne19,hp,NA,0,0,10,,100011
200310,low,200323,110,kmf,ne20,ne20,nt,NA,0,3,1,,100011
200311,low,200325,111,kmf,ne21,ne21,op,NA,0,1,9,,100011
200312,low,200327,112,kmf,ne22,ne22,nt,NA,1,2,3,,100011
200313,low,200329,113,kmf,ne23,ne23,hp,NA,2,3,11,,100011
200314,low,200331,114,kmf,ne24,ne24,op,NA,1,1,2,,100011
200315,low,200335,115,kmf,ne25,ne25,op,NA,0,2,5,,100011
200316,low,200337,116,kmf,ne26,ne26,hp,NA,0,0,3,,100011
200317,low,200339,117,kmf,ne27,ne27,nt,NA,2,3,7,,100011
200318,low,200341,118,kmf,ne28,ne28,op,NA,0,2,8,,100011
200319,low,200343,119,kmf,ne29,ne29,nt,NA,1,4,2,,100011
200320,low,200345,120,kmf,ne30,ne30,hp,NA,0,0,3,,100011
200321,hi,200291,99,kmf,ne9,ne9,op,NA,0,1,10,,100011
200322,hi,200295,100,kmf,ne10,ne10,op,NA,5,5,10,,100011
200323,hi,200299,101,kmf,ne11,ne11,nt,NA,0,3,5,,100011
200324,hi,200303,102,kmf,ne12,ne12,nt,NA,0,2,7,,100011
200325,hi,200305,103,kmf,ne13,ne13,nt,NA,0,0,3,,100011
200326,hi,200309,104,kmf,ne14,ne14,op,NA,1,3,22,,100011
200327,hi,200313,105,kmf,ne15,ne15,nt,NA,0,4,1,,100011
200328,hi,200283,97,kmf,ne7,ne7,hp,NA,0,3,15,,100011
200329,hi,200287,98,kmf,ne8,ne8,op,NA,0,3,19,,100011
200330,hi,200279,96,kmf,ne6,ne6,hp,NA,3,2,9,,100011
200331,hi,200349,121,adr,ru1,ru1,nt,NA,3,5,0,,100012
200332,hi,200361,124,adr,ru4,ru4,nt,NA,2,2,5,,100012
200333,hi,200366,126,adr,ru6,ru6,hp,NA,5,4,8,,100012
200334,hi,200353,122,adr,ru2,ru2,hp,NA,3,4,3,,100012
200335,hi,200357,123,adr,ru3,ru3,nt,NA,0,2,0,,100012
200336,low,200404,136,adr,ru16,ru16,nt,NA,0,0,0,,100012
200337,low,200406,137,adr,ru17,ru17,op,NA,3,1,4,,100012
200338,low,200408,138,adr,ru18,ru18,nt,NA,1,2,2,,100012
200339,low,200410,139,adr,ru19,ru19,nt,NA,3,5,7,,100012
200340,low,200412,140,adr,ru20,ru20,op,NA,1,3,9,,100012
200341,low,200414,141,adr,ru21,ru21,nt,NA,1,1,8,,100012
200342,low,200416,142,adr,ru22,ru22,op,NA,3,8,18,,100012
200343,low,200418,143,adr,ru23,ru23,hp,NA,2,5,28,,100012
200344,low,200420,144,adr,ru24,ru24,hp,NA,2,2,12,,100012
200345,low,200422,145,adr,ru25,ru25,hp,NA,2,3,3,,100012
200346,low,200424,146,adr,ru26,ru26,hp,NA,6,8,12,,100012
200347,low,200426,147,adr,ru27,ru27,hp,NA,2,4,11,,100012
200348,low,200430,148,adr,ru28,ru28,nt,NA,2,0,1,,100012
200349,low,200432,149,adr,ru29,ru29,op,NA,3,2,17,,100012
200350,low,200434,150,adr,ru30,ru30,op,NA,6,0,9,,100012
200351,hi,200382,130,adr,ru10,ru10,op,NA,4,5,1,,100012
200352,hi,200386,131,adr,ru11,ru11,nt,NA,0,0,0,,100012
200353,hi,200390,132,adr,ru12,ru12,op,NA,4,1,4,,100012
200354,hi,200394,133,adr,ru13,ru13,hp,NA,6,1,3,,100012
200355,hi,200398,134,adr,ru14,ru14,nt,NA,1,2,2,,100012
200356,hi,200400,135,adr,ru15,ru15,op,NA,2,6,8,,100012
200357,hi,200712,246,adr,ru5,ru5,hp,NA,7,4,15,replaced,100012
200358,hi,200374,128,adr,ru8,ru8,op,NA,2,3,2,,100012
200359,hi,200378,129,adr,ru9,ru9,op,NA,2,2,9,,100012
200360,hi,200370,127,adr,ru7,ru7,hp,NA,2,2,16,,100012
200361,hi,200002,1,adr,br1,br1,op,NA,1,1,17,,100013
200362,hi,200016,6,adr,br6,br6,nt,NA,0,2,7,,100013
200363,hi,200018,7,adr,br7,br7,op,NA,1,4,21,has rd1 frt,100013
200364,hi,200007,3,adr,br3,br3,hp,NA,3,7,24,has rd1 frt,100013
200365,hi,200012,5,adr,br5,br5,nt,NA,0,2,9,,100013
200366,low,200046,16,adr,br16,br16,op,NA,1,6,17,,100013
200367,low,200048,17,adr,br17,br17,nt,hp,0,0,0,swapped from hp to nt,100013
200368,low,200050,18,adr,br18,br18,hp,nt,1,1,4,swapped from nt to hp,100013
200369,low,200052,19,adr,br19,br19,hp,NA,0,0,6,has rd1 frt,100013
200370,low,200056,20,adr,br20,br20,hp,NA,3,1,7,has rd1 frt,100013
200371,low,200060,21,adr,br21,br21,nt,NA,0,0,0,,100013
200372,low,200062,22,adr,br22,br22,hp,NA,0,0,6,no rd1 frt,100013
200373,low,200064,23,adr,br23,br23,op,NA,1,11,24,,100013
200374,low,200068,24,adr,br24,br24,op,NA,0,2,7,has rd1 frt; sick looking,100013
200375,low,200070,25,adr,br25,br25,hp,nt,2,2,10,swapped from nt to hp,100013
200376,low,200072,26,adr,br26,br26,nt,hp,0,0,3,swapped from hp to nt,100013
200377,low,200074,27,adr,br27,br27,op,NA,4,4,33,,100013
200378,low,200076,28,adr,br28,br28,nt,NA,0,0,0,,100013
200379,low,200078,29,adr,br29,br29,nt,NA,0,1,1,,100013
200380,low,200080,30,adr,br30,br30,op,NA,0,0,3,no rd1 fruit,100013
200381,hi,200035,12,adr,br12,br12,nt,NA,0,0,2,,100013
200382,hi,200038,14,adr,br14,br14,nt,NA,0,6,12,,100013
200383,hi,200042,15,adr,br15,br15,op,NA,0,1,10,has rd1 frt,100013
200384,hi,200699,241,adr,br2,br2,hp,NA,3,5,4,replaced; pref marked as 2 flowers but notes indicated painted later,100013
200385,hi,200702,242,adr,br4,br4,op,NA,1,3,42,replaced,100013
200386,hi,200705,243,adr,br9,br9,hp,NA,3,1,17,replaced,100013
200387,hi,200706,243,adr,br13,br13,hp,NA,2,0,6,replaced,100013
200388,hi,200027,10,adr,br10,br10,hp,NA,0,1,3,herbivory?,100013
200389,hi,200031,11,adr,br11,br11,hp,NA,0,7,27,herbivory?,100013
200390,hi,200022,8,adr,br8,br8,op,NA,0,2,2,has rd1 frt,100013
200391,hi,200521,181,kmf,st1,st1,op,NA,2,1,8,,100014
200392,hi,200533,184,kmf,st4,st4,hp,NA,1,5,10,,100014
200393,hi,200537,185,kmf,st5,st5,hp,NA,0,5,4,replaced 8/22,100014
200394,hi,200525,182,kmf,st2,st2,hp,NA,7,6,11,,100014
200395,hi,200529,183,kmf,st3,st3,nt,NA,0,0,0,,100014
200396,low,200573,196,kmf,st16,st16,hp,NA,0,26,18,some paint visible,100014
200397,low,200577,197,kmf,st17,st17,hp,NA,3,2,19,no paint,100014
200398,low,200579,198,kmf,st18,st18,op,NA,0,6,6,,100014
200399,low,200583,199,kmf,st19,st19,op,NA,0,2,11,herbivory,100014
200400,low,200585,200,kmf,st20,st20,nt,NA,1,0,8,,100014
200401,low,200587,201,kmf,st21,st21,nt,NA,3,4,8,,100014
200402,low,200589,202,kmf,st22,st22,hp,NA,1,2,11,herbivory,100014
200403,low,200591,203,kmf,st23,st23,hp,NA,5,2,4,,100014
200404,low,200595,204,kmf,st24,st24,nt,NA,0,0,3,,100014
200405,low,200597,205,kmf,st25,st25,op,NA,2,2,3,,100014
200406,low,200601,206,kmf,st26,st26,op,NA,0,2,12,,100014
200407,low,200603,207,kmf,st27,st27,nt,NA,0,2,19,,100014
200408,low,200605,208,kmf,st28,st28,op,NA,0,2,15,,100014
200409,low,200607,209,kmf,st29,st29,nt,NA,0,5,14,,100014
200410,low,200609,210,kmf,st30,st30,hp,NA,0,3,5,,100014
200411,hi,200551,189,kmf,st9,st9,hp,NA,7,2,29,no paint,100014
200412,hi,200555,190,kmf,st10,st10,nt,NA,0,2,6,,100014
200413,hi,200557,191,kmf,st11,st11,op,NA,5,7,11,,100014
200414,hi,200561,192,kmf,st12,st12,nt,NA,0,1,2,,100014
200415,hi,200563,193,kmf,st13,st13,op,NA,0,16,17,,100014
200416,hi,200567,194,kmf,st14,st14,nt,NA,0,1,4,,100014
200417,hi,200569,195,kmf,st15,st15,hp,NA,7,2,1,no paint,100014
200418,hi,200545,187,kmf,st7,st7,op,NA,0,0,10,,100014
200419,hi,200549,188,kmf,st8,st8,nt,NA,3,1,11,,100014
200420,hi,200541,186,kmf,st6,st6,op,NA,0,2,25,,100014
200421,hi,200611,211,adr,wo1,wo1,op,NA,1,0,3,,100015
200422,hi,200623,214,adr,wo4,wo4,nt,NA,0,1,4,,100015
200423,hi,200625,215,adr,wo5,wo5,hp,NA,1,3,6,,100015
200424,hi,200615,212,adr,wo2,wo2,nt,NA,2,5,2,,100015
200425,hi,200619,213,adr,wo3,wo3,hp,NA,6,23,27,,100015
200426,low,200665,226,adr,wo16,wo16,hp,NA,2,5,43,,100015
200427,low,200669,227,adr,wo17,wo17,nt,NA,1,1,3,,100015
200428,low,200671,228,adr,wo18,wo18,hp,NA,0,0,19,,100015
200429,low,200673,229,adr,wo19,wo19,nt,NA,1,0,5,,100015
200430,low,200676,231,adr,wo21,wo21,nt,NA,0,0,2,,100015
200431,low,200678,232,adr,wo22,wo22,hp,NA,7,1,25,,100015
200432,low,200682,233,adr,wo23,wo23,nt,NA,0,2,4,,100015
200433,low,200684,234,adr,wo24,wo24,op,NA,4,3,23,,100015
200434,low,200686,235,adr,wo25,wo25,op,NA,1,0,3,,100015
200435,low,200688,236,adr,wo26,wo26,op,NA,2,1,25,,100015
200436,low,200690,237,adr,wo27,wo27,op,NA,0,3,21,,100015
200437,low,200692,238,adr,wo28,wo28,hp,NA,3,3,18,,100015
200438,low,200694,239,adr,wo29,wo29,hp,NA,2,2,14,,100015
200439,low,200698,240,adr,wo30,wo30,op,NA,0,2,13,,100015
200440,low,200720,252,adr,wo20,wo20,nt,NA,1,1,2,replaced,100015
200441,hi,200641,219,adr,wo9,wo9,nt,NA,1,1,6,,100015
200442,hi,200645,220,adr,wo10,wo10,hp,NA,1,2,12,bee visit,100015
200443,hi,200649,221,adr,wo11,wo11,nt,NA,1,0,1,,100015
200444,hi,200651,222,adr,wo12,wo12,op,NA,4,0,16,,100015
200445,hi,200655,223,adr,wo13,wo13,op,NA,0,1,3,,100015
200446,hi,200659,224,adr,wo14,wo14,op,NA,0,1,5,,100015
200447,hi,200663,225,adr,wo15,wo15,op,NA,5,0,13,,100015
200448,hi,200633,217,adr,wo7,wo7,nt,NA,0,2,3,,100015
200449,hi,200637,218,adr,wo8,wo8,hp,NA,1,2,12,,100015
200450,hi,200629,216,adr,wo6,wo6,hp,NA,0,3,28,,100015
200451,hi,200436,151,adr,si1,si1,nt,NA,1,0,0,,100016
200452,hi,200444,154,adr,si4,si4,op,NA,0,0,14,,100016
200453,hi,200448,155,adr,si5,si5,op,NA,1,7,22,,100016
200454,hi,200438,152,adr,si2,si2,nt,NA,0,1,2,,100016
200455,hi,200440,153,adr,si3,si3,hp,NA,2,1,60,,100016
200456,low,200488,166,adr,si16,si16,nt,hp,1,1,4,,100016
200457,low,200490,167,adr,si17,si17,hp,nt,3,7,20,,100016
200458,low,200492,168,adr,si18,si18,op,NA,1,3,0,,100016
200459,low,200497,170,adr,si20,si20,hp,NA,1,21,49,,100016
200460,low,200501,171,adr,si21,si21,hp,NA,2,22,44,,100016
200461,low,200505,172,adr,si22,si22,hp,NA,0,1,7,,100016
200462,low,200507,173,adr,si23,si23,op,NA,8,5,18,,100016
200463,low,200511,174,adr,si29,si24,nt,op,0,0,0,replaced w/ si24,100016
200464,low,200513,175,adr,si25,si25,op,NA,0,8,25,,100016
200465,low,200519,180,adr,si30,si30,op,NA,0,1,0,,100016
200466,low,200715,247,adr,si19,si19,nt,NA,2,0,4,replaced,100016
200467,low,200716,248,adr,si24,si24,hp,NA,0,0,5,replaced,100016
200468,low,200717,249,adr,si26,si26,op,NA,0,0,2,replaced,100016
200469,low,200718,250,adr,si27,si27,nt,NA,0,0,0,replaced,100016
200470,low,200719,251,adr,si28,si28,nt,NA,0,0,7,replaced,100016
200471,hi,200462,159,adr,si9,si9,hp,NA,2,8,34,,100016
200472,hi,200466,160,adr,si10,si10,hp,NA,0,14,35,,100016
200473,hi,200470,161,adr,si11,si11,nt,NA,1,1,13,,100016
200474,hi,200474,162,adr,si12,si12,nt,NA,1,2,25,,100016
200475,hi,200478,163,adr,si13,si13,op,NA,0,2,25,,100016
200476,hi,200480,164,adr,si14,si14,op,NA,3,6,40,,100016
200477,hi,200484,165,adr,si15,si15,nt,NA,1,2,15,,100016
200478,hi,200456,157,adr,si7,si7,hp,NA,0,0,24,,100016
200479,hi,200458,158,adr,si8,si8,op,NA,2,9,69,,100016
200480,hi,200452,156,adr,si6,si6,hp,NA,5,8,23,,100016
200481,hi,200082,31,kmf,gr1,gr1,op,NA,2,5,37,,100017
200482,hi,200092,34,kmf,gr4,gr4,op,NA,0,8,36,,100017
200483,hi,200096,35,kmf,gr5,gr5,hp,NA,3,19,20,,100017
200484,hi,200086,32,kmf,gr2,gr2,hp,NA,3,5,20,,100017
200485,hi,200090,33,kmf,gr3,gr3,op,NA,0,1,20,,100017
200486,low,200129,46,kmf,gr16,gr16,op,NA,0,6,14,,100017
200487,low,200133,47,kmf,gr17,gr17,nt,NA,1,3,12,,100017
200488,low,200135,48,kmf,gr18,gr18,op,NA,4,1,18,,100017
200489,low,200139,49,kmf,gr19,gr19,hp,NA,1,1,22,,100017
200490,low,200141,50,kmf,gr20,gr20,nt,NA,1,0,0,,100017
200491,low,200143,51,kmf,gr21,gr21,op,NA,0,19,22,,100017
200492,low,200145,52,kmf,gr22,gr22,hp,NA,1,5,17,,100017
200493,low,200147,53,kmf,gr23,gr23,hp,NA,1,1,9,,100017
200494,low,200149,54,kmf,gr24,gr24,nt,NA,1,1,8,,100017
200495,low,200153,55,kmf,gr25,gr25,op,NA,0,3,20,,100017
200496,low,200155,56,kmf,gr26,gr26,hp,NA,0,3,18,,100017
200497,low,200157,57,kmf,gr27,gr27,op,NA,5,2,22,,100017
200498,low,200161,58,kmf,gr28,gr28,nt,NA,0,1,0,,100017
200499,low,200163,59,kmf,gr29,gr29,hp,NA,1,7,36,,100017
200500,low,200167,60,kmf,gr30,gr30,nt,NA,3,2,15,,100017
200501,hi,200108,39,kmf,gr9,gr9,op,NA,2,6,19,,100017
200502,hi,200112,40,kmf,gr10,gr10,op,NA,0,1,7,,100017
200503,hi,200114,41,kmf,gr11,gr11,hp,NA,5,15,26,,100017
200504,hi,200119,43,kmf,gr13,gr13,nt,NA,1,3,16,,100017
200505,hi,200123,44,kmf,gr14,gr14,hp,NA,4,8,12,,100017
200506,hi,200127,45,kmf,gr15,gr15,nt,NA,2,5,8,,100017
200507,hi,200709,245,kmf,gr12,gr12,nt,NA,0,2,11,,100017
200508,hi,200102,37,kmf,gr7,gr7,hp,NA,2,8,15,,100017
200509,hi,200106,38,kmf,gr8,gr8,nt,NA,0,5,9,,100017
200510,hi,200100,36,kmf,gr6,gr6,nt,NA,2,2,3,,100017
200511,hi,200169,61,kmf,ho1,ho1,op,NA,1,3,19,2 lfwp,100018
200512,hi,200181,64,kmf,ho4,ho4,op,NA,0,0,0,1 lfwp,100018
200513,hi,200185,65,kmf,ho5,ho5,op,NA,2,6,15,4fwp,100018
200514,hi,200173,62,kmf,ho2,ho2,op,NA,0,1,17,1fwp,100018
200515,hi,200177,63,kmf,ho3,ho3,hp,NA,0,1,34,,100018
200516,low,200219,76,kmf,ho16,ho16,op,NA,0,12,41,2fwp,100018
200517,low,200221,77,kmf,ho17,ho17,hp,NA,0,6,12,3fwp,100018
200518,low,200223,78,kmf,ho18,ho18,hp,NA,0,1,12,1fwp//1 lfwp,100018
200519,low,200227,79,kmf,ho19,ho19,hp,NA,0,5,15,2fwp,100018
200520,low,200229,80,kmf,ho20,ho20,hp,NA,0,8,23,1fwp,100018
200521,low,200231,81,kmf,ho21,ho21,op,NA,2,1,6,3fwp,100018
200522,low,200233,82,kmf,ho22,ho22,nt,NA,1,3,5,,100018
200523,low,200235,83,kmf,ho23,ho23,nt,NA,2,0,15,,100018
200524,low,200239,84,kmf,ho24,ho24,nt,NA,1,2,0,,100018
200525,low,200241,85,kmf,ho25,ho25,hp,NA,0,1,9,3fwp,100018
200526,low,200243,86,kmf,ho26,ho26,nt,NA,2,8,9,,100018
200527,low,200245,87,kmf,ho27,ho27,nt,NA,0,4,7,,100018
200528,low,200249,88,kmf,ho28,ho28,op,NA,0,7,15,6 lfwp,100018
200529,low,200253,89,kmf,ho29,ho29,op,NA,1,2,2,5fwp//1 lfwp,100018
200530,low,200257,90,kmf,ho30,ho30,op,NA,0,1,21,3fwp//2 lfwp,100018
200531,hi,200197,69,kmf,ho9,ho9,hp,NA,0,12,25,,100018
200532,hi,200201,70,kmf,ho10,ho10,nt,NA,0,0,16,,100018
200533,hi,200203,71,kmf,ho11,ho11,hp,NA,0,3,14,6fwp,100018
200534,hi,200207,72,kmf,ho12,ho12,hp,NA,0,3,24,2fwp,100018
200535,hi,200209,73,kmf,ho13,ho13,nt,NA,0,4,24,,100018
200536,hi,200211,74,kmf,ho14,ho14,hp,NA,1,15,14,3fwp,100018
200537,hi,200215,75,kmf,ho15,ho15,nt,NA,0,22,32,,100018
200538,hi,200193,67,kmf,ho7,ho7,nt,NA,0,0,10,,100018
200539,hi,200195,68,kmf,ho8,ho8,op,NA,0,8,6,2fwp,100018
200540,hi,200189,66,kmf,ho6,ho6,nt,NA,1,10,20,,100018
200541,hi,200178,63,adr,ho3,ho3,hp,NA,0,0,1,,100019
200542,hi,200170,61,adr,ho1,ho1,op,NA,3,2,7,,100019
200543,hi,200174,62,adr,ho2,ho2,op,NA,0,0,1,,100019
200544,hi,200198,69,adr,ho9,ho9,hp,NA,5,2,13,,100019
200545,hi,200204,71,adr,ho11,ho11,hp,NA,1,0,3,,100019
200546,hi,200212,74,adr,ho14,ho14,hp,NA,3,0,15,1 rd 1 frt pulled= 11/11 or 12/12,100019
200547,hi,200216,75,adr,ho15,ho15,hp,nt,4,0,10,,100019
200548,hi,200224,78,adr,ho12,ho18,hp,hp,1,1,3,ho18 rd1/2,100019
200549,hi,200236,83,adr,ho7,ho23,hp,nt,3,0,6,ho23 rd1/2,100019
200550,hi,200246,87,adr,ho8,ho27,op,NA,0,0,7,,100019
200551,hi,200250,88,adr,ho13,ho28,hp,op ,2,1,8,ho28 rd1/2,100019
200552,hi,200254,89,adr,ho10,ho29,op,op ,1,0,8,ho29 rd1/2,100019
200553,hi,200182,64,adr,ho4,ho4,op,NA,0,0,0,,100019
200554,hi,200186,65,adr,ho5,ho5,op,NA,1,1,9,,100019
200555,hi,200190,66,adr,ho6,ho6,op,nt,3,1,8,,100019
200556,hi,200358,123,kmf,ru3,ru3,op,nt,3,2,7,,100020
200557,hi,200350,121,kmf,ru1,ru1,op,nt,0,3,15,check rudningen labels!!!,100020
200558,hi,200354,122,kmf,ru2,ru2,hp,NA,2,11,14,had dbl labeling,100020
200559,hi,200375,128,kmf,ru8,ru8,op,NA,0,1,9,had dbl labeling,100020
200560,hi,200379,129,kmf,ru9,ru9,op,NA,2,3,8,,100020
200561,hi,200383,130,kmf,ru10,ru10,op,NA,2,4,14,,100020
200562,hi,200387,131,kmf,ru11,ru11,hp,nt,3,2,6,,100020
200563,hi,200391,132,kmf,ru12,ru12,op,NA,2,3,8,had dbl labeling,100020
200564,hi,200395,133,kmf,ru13,ru13,hp,NA,5,6,33,had dbl labeling,100020
200565,hi,200401,135,kmf,ru15,ru15,op,op,2,0,15,,100020
200566,hi,200427,147,kmf,ru14,ru27,hp,NA,3,7,27,,100020
200567,hi,200713,246,kmf,ru5,ru5,hp,NA,2,0,10,,100020
200568,hi,200362,124,kmf,ru4,ru4,hp,nt,3,5,14,,100020
200569,hi,200367,126,kmf,ru6,ru6,hp,NA,1,5,13,,100020
200570,hi,200371,127,kmf,ru7,ru7,hp,NA,0,7,9,,100020
200571,hi,200093,34,adr,gr4,gr4,op,NA,1,0,10,,100021
200572,hi,200083,31,adr,gr1,gr1,op,NA,0,0,6,,100021
200573,hi,200087,32,adr,gr2,gr2,hp,NA,0,0,3,,100021
200574,hi,200115,41,adr,gr11,gr11,hp,NA,0,3,22,,100021
200575,hi,200120,43,adr,gr13,gr13,op,nt,1,0,12,,100021
200576,hi,200124,44,adr,gr14,gr14,hp,NA,2,1,14,,100021
200577,hi,200130,46,adr,gr6,gr16,op,op,1,0,3,,100021
200578,hi,200136,48,adr,gr8,gr18,hp,op,0,1,4,,100021
200579,hi,200150,54,adr,gr3,gr24,hp,nt,2,0,1,,100021
200580,hi,200158,57,adr,gr10,gr27,op,op,0,0,2,,100021
200581,hi,200164,59,adr,gr15,gr29,hp,nt,4,0,1,,100021
200582,hi,200710,245,adr,gr12,gr12,op,nt,0,0,6,,100021
200583,hi,200097,35,adr,gr5,gr5,hp,NA,0,0,15,,100021
200584,hi,200103,37,adr,gr7,gr7,hp,NA,0,0,9,,100021
200585,hi,200109,39,adr,gr9,gr9,op,NA,0,0,6,,100021
200586,hi,200620,213,kmf,wo3,wo3,hp,NA,6,7,3,,100022
200587,hi,200612,211,kmf,wo1,wo1,op,NA,2,0,2,,100022
200588,hi,200616,212,kmf,wo2,wo2,op,nt,1,6,13,,100022
200589,hi,200638,218,kmf,wo8,wo8,hp,NA,1,0,1,,100022
200590,hi,200642,219,kmf,wo9,wo9,op,nt,1,3,0,,100022
200591,hi,200646,220,kmf,wo10,wo10,hp,NA,0,1,1,,100022
200592,hi,200652,222,kmf,wo12,wo12,op,NA,2,5,4,,100022
200593,hi,200656,223,kmf,wo13,wo13,op,NA,0,3,2,,100022
200594,hi,200660,224,kmf,wo14,wo14,op,NA,6,7,6,,100022
200595,hi,200666,226,kmf,wo15,wo16,hp,hp,7,6,9,,100022
200596,hi,200679,232,kmf,wo11,wo22,op,nt,5,12,2,,100022
200597,hi,200695,239,kmf,wo4,wo29,hp,hp,3,1,5,,100022
200598,hi,200626,215,kmf,wo5,wo5,hp,NA,4,3,19,,100022
200599,hi,200630,216,kmf,wo6,wo6,hp,NA,4,0,7,,100022
200600,hi,200634,217,kmf,wo7,wo7,hp,nt,1,3,5,,100022
200601,hi,200449,155,adr,si5,si5,op,NA,2,3,5,,100023
200602,hi,200441,153,adr,si3,si3,hp,NA,3,3,8,,100023
200603,hi,200445,154,adr,si4,si4,op,NA,1,4,10,,100023
200604,hi,200467,160,adr,si10,si10,hp,hp,1,3,15,,100023
200605,hi,200471,161,adr,si11,si11,hp,nt,0,0,6,,100023
200606,hi,200475,162,adr,si12,si12,hp,nt,0,0,5,,100023
200607,hi,200481,164,adr,si14,si14,op,NA,0,0,5,,100023
200608,hi,200485,165,adr,si15,si15,op,nt,0,0,8,,100023
200609,hi,200493,168,adr,si1,si18,op,op,2,3,1,,100023
200610,hi,200498,170,adr,si7,si20,hp,hp,2,9,9,,100023
200611,hi,200502,171,adr,si2,si21,hp,hp,3,5,6,,100023
200612,hi,200508,173,adr,si13,si23,op,op,2,3,6,,100023
200613,hi,200453,156,adr,si6,si6,hp,NA,2,3,11,,100023
200614,hi,200459,158,adr,si8,si8,op,op,1,2,19,,100023
200615,hi,200463,159,adr,si9,si9,hp,hp,1,2,5,,100023
200616,hi,200013,5,kmf,br5,br5,op,nt,4,1,8,,100024
200617,hi,200003,1,kmf,br1,br1,op,NA,2,2,6,,100024
200618,hi,200008,3,kmf,br3,br3,hp,NA,3,4,22,possibly herbivory,100024
200619,hi,200032,11,kmf,br11,br11,hp,NA,7,1,28,,100024
200620,hi,200039,14,kmf,br14,br14,op,nt,3,4,18,,100024
200621,hi,200043,15,kmf,br15,br15,op,NA,3,3,2,,100024
200622,hi,200053,19,kmf,br13,br19,hp,hp,1,1,4,br19 rd1/2,100024
200623,hi,200057,20,kmf,br6,br20,hp,hp,3,5,16,br20 rd1/2,100024
200624,hi,200065,23,kmf,br12,br23,hp,op,1,1,14,br23 OP rd1/2,100024
200625,hi,200700,241,kmf,br2,br2,hp,NA,1,0,7,replaced rd2,100024
200626,hi,200703,242,kmf,br4,br4,op,NA,2,2,15,,100024
200627,hi,200707,243,kmf,br9,br9,hp,NA,4,2,17,,100024
200628,hi,200019,7,kmf,br7,br7,op,NA,3,1,18,,100024
200629,hi,200023,8,kmf,br8,br8,op,NA,6,8,7,,100024
200630,hi,200028,10,kmf,br10,br10,hp,NA,5,1,6,,100024
200631,hi,200268,93,kmf,ne3,ne3,hp,NA,3,9,26,,100025
200632,hi,200260,91,kmf,ne1,ne1,hp,NA,0,4,19,Check if any replaced; yellow,100025
200633,hi,200264,92,kmf,ne2,ne2,op,NA,0,4,33,,100025
200634,hi,200284,97,kmf,ne7,ne7,hp,NA,0,3,14,,100025
200635,hi,200288,98,kmf,ne8,ne8,op,NA,0,3,11,,100025
200636,hi,200292,99,kmf,ne9,ne9,op,NA,0,3,11,,100025
200637,hi,200296,100,kmf,ne10,ne10,op,NA,2,2,21,,100025
200638,hi,200300,101,kmf,ne11,ne11,hp,nt,7,8,17,,100025
200639,hi,200306,103,kmf,ne13,ne13,hp,nt,1,5,7,,100025
200640,hi,200310,104,kmf,ne14,ne14,op,NA,0,4,26,,100025
200641,hi,200332,114,kmf,ne15,ne24,hp,op,10,3,21,,100025
200642,hi,200346,120,kmf,ne12,ne30,op,hp,3,0,1,,100025
200643,hi,200272,94,kmf,ne4,ne4,op,nt,1,6,8,,100025
200644,hi,200276,95,kmf,ne5,ne5,hp,NA,0,0,12,,100025
200645,hi,200280,96,kmf,ne6,ne6,hp,NA,2,2,24,,100025
200646,hi,200530,183,adr,st3,st3,op,nt,1,1,3,,100026
200647,hi,200522,181,adr,st1,st1,op,NA,0,2,2,,100026
200648,hi,200526,182,adr,st2,st2,hp,NA,1,1,6,,100026
200649,hi,200546,187,adr,st7,st7,op,NA,5,5,11,,100026
200650,hi,200552,189,adr,st9,st9,hp,NA,3,3,11,,100026
200651,hi,200558,191,adr,st11,st11,op,NA,2,1,14,,100026
200652,hi,200564,193,adr,st13,st13,op,NA,2,0,24,,100026
200653,hi,200570,195,adr,st15,st15,hp,NA,0,0,14,,100026
200654,hi,200574,196,adr,st12,st16,hp,hp,4,0,39,,100026
200655,hi,200580,198,adr,st8,st18,op,op,10,9,11,,100026
200656,hi,200592,203,adr,st14,st23,hp,hp,6,3,6,,100026
200657,hi,200598,205,adr,st10,st25,hp,op,1,3,10,,100026
200658,hi,200534,184,adr,st4,st4,hp,NA,0,2,8,,100026
200659,hi,200538,185,adr,st5,st5,hp,NA,0,0,2,,100026
200660,hi,200542,186,adr,st6,st6,op,NA,0,0,7,,100026
200661,hi,200509,173,adr,si13,si23,op,NA,2,1,10,,100027
200662,hi,200464,159,adr,si9,si9,hp,NA,4,1,3,,100027
200663,hi,200468,160,adr,si10,si10,hp,NA,1,3,10,,100027
200664,hi,200472,161,adr,si11,si11,hp,NA,4,1,8,,100027
200665,hi,200476,162,adr,si12,si12,hp,NA,0,0,1,,100027
200666,hi,200482,164,adr,si14,si14,op,NA,1,0,2,,100027
200667,hi,200486,165,adr,si15,si15,op,NA,2,1,4,,100027
200668,hi,200494,168,adr,si1,si18,op,NA,0,3,11,,100027
200669,hi,200499,170,adr,si7,si20,hp,NA,9,7,48,,100027
200670,hi,200503,171,adr,si2,si21,hp,NA,1,11,33,,100027
200671,hi,200442,153,adr,si3,si3,hp,NA,3,0,16,,100027
200672,hi,200446,154,adr,si4,si4,op,NA,11,6,18,,100027
200673,hi,200450,155,adr,si5,si5,op,NA,3,5,7,,100027
200674,hi,200454,156,adr,si6,si6,hp,NA,1,1,12,,100027
200675,hi,200460,158,adr,si8,si8,op,NA,3,1,10,,100027
200676,hi,200708,243,kmf,br9,br9,hp,NA,5,1,5,,100028
200677,hi,200029,10,kmf,br10,br10,hp,NA,3,10,4,,100028
200678,hi,200033,11,kmf,br11,br11,hp,NA,1,7,8,,100028
200679,hi,200040,14,kmf,br14,br14,op,nt,2,3,8,,100028
200680,hi,200044,15,kmf,br15,br15,op,NA,2,7,10,,100028
200681,hi,200054,19,kmf,br13,br19,hp,hp,1,2,9,br19 rd1/2,100028
200682,hi,200058,20,kmf,br6,br20,hp,hp,0,21,12,,100028
200683,hi,200066,23,kmf,br12,br23,hp,op,0,0,2,br23 OP rd1/2,100028
200684,hi,200701,241,kmf,br2,br2,hp,NA,4,1,1,,100028
200685,hi,200704,242,kmf,br4,br4,op,NA,6,6,6,,100028
200686,hi,200004,1,kmf,br1,br1,op,NA,1,3,5,,100028
200687,hi,200009,3,kmf,br3,br3,hp,NA,0,3,8,,100028
200688,hi,200014,5,kmf,br5,br5,op,nt,2,22,16,,100028
200689,hi,200020,7,kmf,br7,br7,op,NA,0,3,1,,100028
200690,hi,200024,8,kmf,br8,br8,op,NA,0,18,19,,100028
200691,hi,200347,120,kmf,ne12,ne30,op,hp,7,18,18,,100029
200692,hi,200281,96,kmf,ne6,ne6,hp,NA,1,4,6,,100029
200693,hi,200285,97,kmf,ne7,ne7,hp,NA,4,7,2,,100029
200694,hi,200289,98,kmf,ne8,ne8,op,NA,4,5,3,,100029
200695,hi,200293,99,kmf,ne9,ne9,op,NA,2,9,5,,100029
200696,hi,200297,100,kmf,ne10,ne10,op,NA,0,3,1,,100029
200697,hi,200301,101,kmf,ne11,ne11,hp,nt,4,14,19,,100029
200698,hi,200307,103,kmf,ne13,ne13,hp,nt,3,4,6,,100029
200699,hi,200311,104,kmf,ne14,ne14,op,NA,0,3,8,,100029
200700,hi,200333,114,kmf,ne15,ne24,hp,op,9,7,22,,100029
200701,hi,200261,91,kmf,ne1,ne1,hp,NA,0,0,4,yellow & blue,100029
200702,hi,200265,92,kmf,ne2,ne2,op,NA,0,0,5,,100029
200703,hi,200269,93,kmf,ne3,ne3,hp,NA,3,10,11,,100029
200704,hi,200273,94,kmf,ne4,ne4,op,nt,0,0,10,,100029
200705,hi,200277,95,kmf,ne5,ne5,hp,NA,0,0,0,,100029
200706,hi,200599,205,adr,st10,st25,hp,op,2,4,7,,100030
200707,hi,200543,186,adr,st6,st6,op,NA,0,4,5,,100030
200708,hi,200547,187,adr,st7,st7,op,NA,3,1,8,,100030
200709,hi,200553,189,adr,st9,st9,hp,NA,1,3,6,,100030
200710,hi,200559,191,adr,st11,st11,op,NA,1,2,6,,100030
200711,hi,200565,193,adr,st13,st13,op,NA,0,1,7,,100030
200712,hi,200571,195,adr,st15,st15,hp,NA,1,0,2,,100030
200713,hi,200575,196,adr,st12,st16,hp,hp,2,1,13,,100030
200714,hi,200581,198,adr,st8,st18,op,op,3,9,37,,100030
200715,hi,200593,203,adr,st14,st23,hp,hp,3,6,11,,100030
200716,hi,200523,181,adr,st1,st1,op,NA,4,0,5,,100030
200717,hi,200527,182,adr,st2,st2,hp,NA,4,9,12,,100030
200718,hi,200531,183,adr,st3,st3,op,nt,2,1,4,,100030
200719,hi,200535,184,adr,st4,st4,hp,NA,1,3,8,,100030
200720,hi,200539,185,adr,st5,st5,hp,NA,0,0,1,,100030
200721,hi,200255,89,adr,ho10,ho29,op,op ,3,0,8,,100031
200722,hi,200191,66,adr,ho6,ho6,op,nt,1,0,8,,100031
200723,hi,200199,69,adr,ho9,ho9,hp,NA,5,1,16,flowers very small maybe sterile,100031
200724,hi,200205,71,adr,ho11,ho11,hp,NA,1,0,0,,100031
200725,hi,200213,74,adr,ho14,ho14,hp,NA,2,0,5,small closed flowers,100031
200726,hi,200217,75,adr,ho15,ho15,hp,nt,0,0,12,,100031
200727,hi,200225,78,adr,ho12,ho18,hp,hp,4,2,19,,100031
200728,hi,200237,83,adr,ho7,ho23,hp,nt,1,1,11,,100031
200729,hi,200247,87,adr,ho8,ho8,op,NA,0,2,21,paint possibly washed off,100031
200730,hi,200251,88,adr,ho13,ho28,hp,op ,5,0,17,abrt rd 3 possibly missing,100031
200731,hi,200171,61,adr,ho1,ho1,op,NA,0,1,10,,100031
200732,hi,200175,62,adr,ho2,ho2,op,NA,2,1,11,,100031
200733,hi,200179,63,adr,ho3,ho3,hp,NA,12,5,23,some flowers very small; previously marked as 11 but  fruit petioles indicate 12 were painted; highly likely flowers were miscounted given # of flowers on plant and their size,100031
200734,hi,200183,64,adr,ho4,ho4,op,NA,4,7,11,,100031
200735,hi,200187,65,adr,ho5,ho5,op,NA,0,0,2,,100031
200736,hi,200714,246,kmf,ru5,ru5,hp,NA,2,2,6,,100032
200737,hi,200372,127,kmf,ru7,ru7,hp,NA,3,11,17,,100032
200738,hi,200376,128,kmf,ru8,ru8,op,NA,3,1,5,had dbl labeling,100032
200739,hi,200380,129,kmf,ru9,ru9,op,NA,0,5,16,,100032
200740,hi,200384,130,kmf,ru10,ru10,op,NA,0,0,4,,100032
200741,hi,200388,131,kmf,ru11,ru11,hp,nt,4,5,9,,100032
200742,hi,200392,132,kmf,ru12,ru12,op,NA,0,2,6,had dbl labeling,100032
200743,hi,200396,133,kmf,ru13,ru13,hp,NA,1,4,33,had dbl labeling,100032
200744,hi,200402,135,kmf,ru15,ru15,op,op,0,5,8,,100032
200745,hi,200428,147,kmf,ru14,ru27,hp,hp,0,2,18,,100032
200746,hi,200351,121,kmf,ru1,ru1,op,nt,0,0,4,,100032
200747,hi,200355,122,kmf,ru2,ru2,hp,NA,3,4,38,had dbl labeling,100032
200748,hi,200359,123,kmf,ru3,ru3,op,nt,2,2,5,,100032
200749,hi,200363,124,kmf,ru4,ru4,hp,nt,0,0,10,,100032
200750,hi,200368,126,kmf,ru6,ru6,hp,NA,5,10,16,,100032
200751,hi,200711,245,adr,gr12,gr12,op,nt,1,0,0,,100033
200752,hi,200110,39,adr,gr9,gr9,op,NA,4,0,3,,100033
200753,hi,200116,41,adr,gr11,gr11,hp,NA,0,0,3,,100033
200754,hi,200121,43,adr,gr13,gr13,op,nt,1,0,0,,100033
200755,hi,200125,44,adr,gr14,gr14,hp,NA,0,3,7,,100033
200756,hi,200131,46,adr,gr6,gr16,op,op,0,3,5,,100033
200757,hi,200137,48,adr,gr8,gr18,hp,op,1,1,8,,100033
200758,hi,200151,54,adr,gr3,gr24,hp,nt,3,6,14,,100033
200759,hi,200159,57,adr,gr10,gr27,op,op,3,1,1,,100033
200760,hi,200165,59,adr,gr15,gr29,hp,nt,0,0,6,,100033
200761,hi,200084,31,adr,gr1,gr1,op,NA,0,0,1,,100033
200762,hi,200088,32,adr,gr2,gr2,hp,NA,1,3,2,,100033
200763,hi,200094,34,adr,gr4,gr4,op,NA,0,0,1,,100033
200764,hi,200098,35,adr,gr5,gr5,hp,NA,6,9,16,,100033
200765,hi,200104,37,adr,gr7,gr7,hp,NA,0,0,0,,100033
200766,hi,200696,239,kmf,wo4,wo29,hp,hp,1,6,6,,100034
200767,hi,200635,217,kmf,wo7,wo7,hp,nt,0,8,6,,100034
200768,hi,200639,218,kmf,wo8,wo8,hp,NA,1,3,5,,100034
200769,hi,200643,219,kmf,wo9,wo9,op,nt,0,5,3,,100034
200770,hi,200647,220,kmf,wo10,wo10,hp,NA,1,0,2,,100034
200771,hi,200653,222,kmf,wo12,wo12,op,NA,0,4,2,,100034
200772,hi,200657,223,kmf,wo13,wo13,op,NA,6,4,6,,100034
200773,hi,200661,224,kmf,wo14,wo14,op,NA,9,9,13,,100034
200774,hi,200667,226,kmf,wo15,wo16,hp,hp,14,8,17,,100034
200775,hi,200680,232,kmf,wo11,wo22,op,nt,11,11,17,,100034
200776,hi,200613,211,kmf,wo1,wo1,op,NA,2,4,9,,100034
200777,hi,200617,212,kmf,wo2,wo2,op,nt,1,5,7,,100034
200778,hi,200621,213,kmf,wo3,wo3,hp,NA,1,12,19,,100034
200779,hi,200627,215,kmf,wo5,wo5,hp,NA,4,1,14,,100034
200780,hi,200631,216,kmf,wo6,wo6,hp,NA,3,0,5,,100034
